id,brand_name,generic_name,species,dose_mg_per_kg_min,dose_mg_per_kg_max,concentration_value,concentration_unit,concentration_ml,dosage_form,route,frequency,unit_description,notes
"1","Augmentin / Curam","Amoxicillin + Clavulanic acid","dogs and cats","12.5","25","156","mg/5ml","5","suspension/tablet","PO","q8-12h","Susp 156, 312, 457, 600; Tab 625, 1000 mg","Category: Antibiotic (Potentiated Penicillin). Beta-lactam antibiotic with clavulanate beta-lactamase inhibitor. Broad-spectrum bactericidal activity against Gram-positive and Gram-negative aerobes/anaerobes. Indications: Skin, soft tissue, urinary, respiratory, and periodontal infections. Warnings: Contraindicated in penicillin hypersensitivity; avoid oral use in small herbivores. Ref: Plumb's 9th Ed. p. 62."
"2","Xorin / Cefotax","Cefotaxime","dogs and cats","40","50","500","mg/vial","2","injectable","IV/IM","q8h","Vials 250, 500, 1000 mg","Category: Antibiotic (3rd Gen Cephalosporin). Broad-spectrum bactericidal cephalosporin with excellent Gram-negative activity and CNS penetration. Indications: Severe sepsis, meningitis, respiratory infections, and perioperative surgical prophylaxis. Dosage: Dogs/Cats 20-50 mg/kg IV/IM q8h. Ref: Plumb's 9th Ed. p. 200."
"3","Ceftriaxone (dog)","Ceftriaxone","dog","15","50","500","mg/vial","2","injectable","IV/IM/SC","q12-24h","Vials 250, 500, 1000 mg (Wintriaxone, Xoraxon)","Category: Antibiotic (3rd Gen Cephalosporin). Extended-spectrum bactericidal cephalosporin with long half-life. Indications: Severe Gram-negative infections, osteomyelitis, sepsis, and CNS infections. Dosage: Dogs 15-50 mg/kg IV/IM/SC q12-24h; Cats 25-50 mg/kg IV/IM/SC q12-24h. Ref: Plumb's 9th Ed. p. 205."
"4","Ceftriaxone (cat)","Ceftriaxone","cat","25","50","500","mg/vial","2","injectable","IV/IM/SC","q12-24h","Vials 250, 500, 1000 mg (Wintriaxone, Xoraxon)","Category: Antibiotic (3rd Gen Cephalosporin). Extended-spectrum bactericidal cephalosporin with long half-life. Indications: Severe Gram-negative infections, osteomyelitis, sepsis, and CNS infections. Dosage: Dogs 15-50 mg/kg IV/IM/SC q12-24h; Cats 25-50 mg/kg IV/IM/SC q12-24h. Ref: Plumb's 9th Ed. p. 205."
"5","Xithrone","Azithromycin","dogs and cats","5","10","200","mg/5ml","5","suspension","PO","q24h","200 mg suspension","Category: Antibiotic (Macrolide / Azalide). Long-acting azalide antibiotic inhibiting bacterial 50S ribosomal protein synthesis. Indications: Upper respiratory infections, Bartonellosis, feline chlamydiosis, and Babesiosis (with atovaquone). Dosage: Dogs/Cats 5-10 mg/kg PO q24h. Warnings: Potential hepatotoxicity and GI upset. Ref: Plumb's 9th Ed. p. 112."
"6","Klacid / Klarimix (dog)","Clarithromycin","dog","4","12","125","mg/5ml","5","suspension/tablet","PO","q12h","Susp 125, 250 mg","Category: Antibiotic (Macrolide). Acid-stable macrolide antibiotic inhibiting 50S protein synthesis. Indications: Mycobacterial infections, Helicobacter, Rhodococcus equi (with rifampin in foals), and respiratory tract infections. Dosage: Dogs 4-12 mg/kg PO q12h; Cats 5-10 mg/kg PO q12h; Foals 7.5 mg/kg PO q12h. Ref: Plumb's 9th Ed. p. 248."
"6b","Klacid / Klarimix (cat)","Clarithromycin","cat","5","10","125","mg/5ml","5","suspension/tablet","PO","q12h","Susp 125, 250 mg","Category: Antibiotic (Macrolide). Acid-stable macrolide antibiotic inhibiting 50S protein synthesis. Indications: Mycobacterial infections, Helicobacter, Rhodococcus equi (with rifampin in foals), and respiratory tract infections. Dosage: Dogs 4-12 mg/kg PO q12h; Cats 5-10 mg/kg PO q12h; Foals 7.5 mg/kg PO q12h. Ref: Plumb's 9th Ed. p. 248."
"7","Ceporex / Cephalexin (PO)","Cefalexin","dogs and cats","15","15","250","mg/tab","1","tablet","PO","q8-12h","Susp 125, 250 mg; Tab 250, 500, 1000 mg","Category: Antibiotic (1st Gen Cephalosporin). Bactericidal beta-lactam active primarily against Gram-positive cocci (Staphylococcus pseudintermedius) and some Gram-negatives. Indications: Superficial and deep pyoderma, urinary tract infections, wound infections. Dosage: Dogs/Cats 15-30 mg/kg PO q8-12h; Injectable 10-15 mg/kg IM/SC q24h. Ref: Plumb's 9th Ed. p. 195."
"7b","Ceporex / Cephalexin (IM/SC)","Cefalexin","dogs and cats","10","10","180","mg/ml","1","injectable","IM/SC","q24h","Injectable form","Category: Antibiotic (1st Gen Cephalosporin). Bactericidal beta-lactam active primarily against Gram-positive cocci (Staphylococcus pseudintermedius) and some Gram-negatives. Indications: Superficial and deep pyoderma, urinary tract infections, wound infections. Dosage: Dogs/Cats 15-30 mg/kg PO q8-12h; Injectable 10-15 mg/kg IM/SC q24h. Ref: Plumb's 9th Ed. p. 195."
"8","Ciprofloxacin / Cipropay","Ciprofloxacin","dogs and cats","20","25","250","mg/tab","1","tablet","PO","q24h","Tab 250, 500 mg","Category: Antibiotic (Fluoroquinolone). Concentration-dependent bactericidal DNA gyrase inhibitor. Indications: Severe Gram-negative urinary, soft tissue, and systemic infections. Note: Oral bioavailability in dogs is variable (40-60%); enrofloxacin is preferred when possible. Dosage: Dogs 10-25 mg/kg PO q24h or divided q12h. Ref: Plumb's 9th Ed. p. 238."
"9","Vibramycin / Doxymycin","Doxycycline","dogs and cats","10","10","100","mg/cap","1","capsule","PO","q24h","Capsule 100 mg","Category: Antibiotic (Tetracycline). Lipophilic tetracycline with broad-spectrum and anti-inflammatory activity. Indications: Ehrlichiosis, Anaplasmosis, Lyme borreliosis, Mycoplasma, Leptospirosis, and Wolbachia in heartworm disease. Dosage: Dogs/Cats 5-10 mg/kg PO/IV q12-24h. Warnings: In cats, always follow oral tablets with water/food to prevent esophageal stricture. Ref: Plumb's 9th Ed. p. 386."
"10","Dexamethasone","Dexamethasone","dogs and cats","0.01","0.16","4","mg/ml","1","injectable","IM/SC/PO","q24h","Various preparations available","Category: Corticosteroid (Glucocorticoid). Long-acting, potent glucocorticoid with 30x the anti-inflammatory potency of cortisol. Indications: Ketosis in dairy cattle, acute hypersensitivity/anaphylaxis, inflammatory musculoskeletal conditions, and induction of parturition. Dosage: Cattle/Horses 0.02-0.1 mg/kg IV/IM; Dogs/Cats 0.05-0.2 mg/kg IV/IM/SC. ⚠️ WARNING: Induces abortion in pregnant ruminants during last trimester! Withdrawal: Meat 8 days, Milk 72 hours. Ref: Plumb's 9th Ed. p. 347."
"11","Predsol / Xilone","Prednisolone","dogs and cats","0.5","2","5","mg/5ml","5","syrup/tablet","PO/IV/SC","q24h","Syrup 5mg/15mg; Solupred 20mg; Histacortin-H 5mg","Category: Corticosteroid (Glucocorticoid). Intermediate-acting glucocorticoid, active metabolite of prednisone. Indications: Allergic dermatitis, asthma in cats, autoimmune diseases (IMHA/ITP), and lymphoma. Dosage: Anti-inflammatory: 0.5-1 mg/kg PO/SC/IV q12-24h; Immunosuppressive: 2-4 mg/kg PO q12-24h (taper gradually). Ref: Plumb's 9th Ed. p. 981."
"12","Alphinterin / Ambezim-G","Alpha-chemotrypsin","dogs and cats","0","0","1","tab/dose","1","tablet","PO","q8-12h","Tablets","Anti-inflammatory enzyme. 1 tablet BID or TID. Dose is per animal, not per kg."
"13","Maxilase","Alpha-amylase","dogs and cats","0","0","200","ml/dose","1","syrup","PO","q8-12h","Syrup","Mucolytic enzyme. 1-5 ml/animal every 8-12 hours. Dose is per animal."
"14","Ketofen (Oral)","Ketoprofen","dogs and cats","1","2","12.5","mg/5ml","5","capsule/syrup","PO","q24h max 5 days","Cap 25, 50, 75, 100, 200 mg; Syrup 12.5 mg","Category: NSAIDs. Dual inhibitor of COX and 5-lipoxygenase (LOX) offering strong analgesic and antipyretic relief. Indications: Acute musculoskeletal inflammation, lameness, colic in horses, and post-partum fever in cattle. Dosage: Cattle/Horses 3 mg/kg IV/IM q24h for 1-3 days; Dogs 1-2 mg/kg PO/SC/IM q24h (max 5 days). Advantage: 0-day milk withdrawal! Meat withdrawal: 4 days. Ref: Plumb's 9th Ed. p. 646."
"15","Ketofen (Injectable)","Ketoprofen","dogs and cats","2","2","100","mg/amp","2","injectable","SC/IV/IM","q24h","Amp 100 mg","Category: NSAIDs. Dual inhibitor of COX and 5-lipoxygenase (LOX) offering strong analgesic and antipyretic relief. Indications: Acute musculoskeletal inflammation, lameness, colic in horses, and post-partum fever in cattle. Dosage: Cattle/Horses 3 mg/kg IV/IM q24h for 1-3 days; Dogs 1-2 mg/kg PO/SC/IM q24h (max 5 days). Advantage: 0-day milk withdrawal! Meat withdrawal: 4 days. Ref: Plumb's 9th Ed. p. 646."
"16","Mobic / Mobitil","Meloxicam","dogs and cats","0.1","0.2","15","mg/amp","1.5","injectable/tablet","SC/IV/PO","q24h","Tab 7.5, 15 mg; Amp 15 mg","Category: NSAIDs. Preferential COX-2 inhibitor with excellent anti-inflammatory and analgesic efficacy. Indications: Bovine respiratory disease, calf diarrhea (adjunct), acute mastitis, locomotor disorders, and perioperative orthopedic pain. Dosage: Cattle 0.5 mg/kg SC/IV single dose; Horses 0.6 mg/kg IV/PO q24h; Dogs 0.2 mg/kg initial then 0.1 mg/kg PO/SC q24h. Withdrawal: Cattle meat 15 days, Milk 5 days. Ref: Plumb's 9th Ed. p. 720."
"17","Feldene","Piroxicam","dog","0.3","0.3","20","mg/amp","1","tablet/injectable","PO/SC/IV/IM","q24h","Tab 10, 20 mg; Amp 20 mg","Category: NSAIDs (Oxicam). Non-selective COX inhibitor with anti-inflammatory and transitional cell carcinoma (TCC) anti-neoplastic effects. Indications: Bladder TCC, squamous cell carcinoma, and refractory osteoarthritis in dogs. Dosage: Dogs 0.3 mg/kg PO q24-48h (always with food). Warnings: High risk of GI ulceration; monitor renal and GI health. Ref: Plumb's 9th Ed. p. 962."
"18","Allergy (dog)","Chlorphenamine","dog","0","0","4","mg/tab","1","tablet","PO","q8-12h","Tab 4 mg; Syrup 2 mg","Antihistamine. Dogs: 4-8mg per animal q8-12h. Dose is per animal."
"19","Allergy (cat)","Chlorphenamine","cat","0","0","4","mg/tab","1","tablet","PO","q8-12h","Tab 4 mg; Syrup 2 mg","Antihistamine. Cats: 2-4mg per animal q8-12h. Dose is per animal."
"20","Tavagyl","Clemastine","dogs and cats","0.1","0.1","2","mg/amp","2","tablet/syrup/injectable","PO/IM","q12h","Tab 1 mg; Syrup 0.5 mg; Amp 2 mg","Antihistamine. 0.1mg/kg PO q12h."
"21","Claritine","Loratadine","dogs and cats","0","0","5","mg/5ml","5","tablet/syrup","PO","q24h","Tab 10 mg; Syrup 5 mg","Antihistamine. 5-15mg per animal q24h. Dose is per animal, not per kg."
"22","Zyrtec","Cetirizine","dogs and cats","0.25","0.25","5","mg/5ml","5","tablet/syrup","PO","q12h","Tab 10 mg; Syrup 5 mg","Antihistamine. 0.25mg/kg or 5-10mg per animal q12h."
"23","Cortigen B6","Vitamin B Complex","dogs and cats","0","0","1","amp/dose","1","injectable","IM","per label","Ampoules","Antiemetic. 1 ampoule IM q12h. Dose is per animal. | DOSING: Per-animal dosing per product label. Cattle/Horses 5-10 mL IM/SC. (NOT standard mg/kg weight-based)"
"24","Motilium / Motinorm","Domperidone","dogs and cats","0","0","5","mg/5ml","5","syrup/tablet","PO","q8h","Syrup 5 mg; Tab 10 mg","Antiemetic. 2-5mg per animal q8h. Dose is per animal."
"25","Primperan","Metoclopramide","dogs and cats","0.2","0.5","10","mg/amp","2","syrup/tablet/injectable","PO/IM/IV","q8h","Syrup 5 mg; Tab 10 mg; Amp 10 mg","Antiemetic/Prokinetic. 0.2-0.5mg/kg q8h."
"26","Zofran / Dansit (IV)","Ondansetron","dogs and cats","0.5","0.5","4","mg/amp","2","injectable","IV","q12h","Amp 4, 8 mg","Potent antiemetic. 0.5mg/kg IV q12h."
"27","Zofran / Dansit (PO)","Ondansetron","dogs and cats","0.5","1","8","mg/tab","1","tablet","PO","q12h","Tab 8 mg","Potent antiemetic. 0.5-1mg/kg PO q12h."
"28","Guava / Balsam","Herbal Extract","dogs and cats","0","0","1","ml/dose","1","syrup","PO","q8-12h","Syrup","Cough sedative. 2-5ml per animal q8-12h. Dose is per animal."
"29","Bisolvon (dog)","Bromhexine","dog","2","2.5","4","mg/5ml","5","syrup/tablet/injectable","PO/IM","q12h","Syrup 4 mg; Tab 8 mg; Amp 4 mg","Category: Mucolytic / Bronchial Secretagogue. Secretolytic agent that disrupts acid mucopolysaccharide fibers in bronchial sputum, reducing viscosity and enhancing antibiotic penetration into pulmonary secretions. Indications: Acute/chronic bronchopneumonia, tracheobronchitis, and calf respiratory disease. Dosage: Cattle/Horses 0.2-0.5 mg/kg IM/PO q24h; Dogs 2 mg/kg PO q12h; Cats 0.5 mg/kg PO q12h. Ref: Plumb's 9th Ed. p. 147."
"30","Bisolvon (cat)","Bromhexine","cat","0.25","0.5","4","mg/5ml","5","syrup/tablet/injectable","PO/IM","q12h PO","Syrup 4 mg; Tab 8 mg; Amp 4 mg","Category: Mucolytic / Bronchial Secretagogue. Secretolytic agent that disrupts acid mucopolysaccharide fibers in bronchial sputum, reducing viscosity and enhancing antibiotic penetration into pulmonary secretions. Indications: Acute/chronic bronchopneumonia, tracheobronchitis, and calf respiratory disease. Dosage: Cattle/Horses 0.2-0.5 mg/kg IM/PO q24h; Dogs 2 mg/kg PO q12h; Cats 0.5 mg/kg PO q12h. Ref: Plumb's 9th Ed. p. 147."
"31","Acetylcysteine","Acetylcysteine","dogs and cats","50","50","200","mg/sachet","1","sachet","PO","q8h","Sachets","Mucolytic. 50mg/kg PO q8h. Also used for acetaminophen toxicity."
"32","Ventolin (dog)","Salbutamol","dog","0","0","2","mg/5ml","5","inhaler/tablet/syrup/injectable","Inhalation/PO/IV","q4-6h","Inhaler; Tab 2 mg; Syrup 2 mg; Amp 0.5 mg","Bronchodilator. Dogs: 100-300 ug q4-6h. Dose is per animal."
"33","Ventolin (cat)","Salbutamol","cat","0","0","2","mg/5ml","5","inhaler/tablet/syrup/injectable","Inhalation/PO/IV","q4-6h","Inhaler; Tab 2 mg; Syrup 2 mg; Amp 0.5 mg","Bronchodilator. Cats: 100 ug q4-6h. Dose is per animal."
"34","Aironyl (dog)","Terbutaline","dog","0.03","0.05","1.5","mg/5ml","5","tablet/syrup","PO","q8-12h","Tab 2.5 mg; Syrup 1.5 mg","Category: Bronchodilator (Beta-2 Agonist). Terbutaline relaxes bronchial smooth muscle. Indications: Canine asthma, chronic bronchitis, and collapsing trachea. Dosage: Dogs 0.03-0.05 mg/kg (or 1.25-5 mg per dog) PO q8-12h. Ref: Plumb's 9th Ed. p. 1105."
"35","Aironyl (cat)","Terbutaline","cat","0.03","0.05","1.5","mg/5ml","5","tablet/syrup","PO","q8-12h","Tab 2.5 mg; Syrup 1.5 mg","Category: Bronchodilator (Beta-2 Agonist). Terbutaline relaxes bronchial smooth muscle. Indications: Feline allergic asthma and bronchospasm. Dosage: Cats 0.03-0.05 mg/kg (or 0.3-1.25 mg per cat) PO q8-12h. Ref: Plumb's 9th Ed. p. 1105."
"36","Etaphylline (dog)","Theophylline","dog","15","20","500","mg/amp","5","injectable/syrup","IV/PO","q12-24h","Amp 500 mg; Syrup 125 mg","Bronchodilator. Dogs: 15-20mg/kg q12-24h."
"37","Etaphylline (cat)","Theophylline","cat","10","10","500","mg/amp","5","injectable/syrup","IV/PO","q12-24h","Amp 500 mg; Syrup 125 mg","Bronchodilator. Cats: 10mg/kg q12-24h."
"38","Mucogel / Epicogel","Aluminium Antacids","dogs and cats","0.5","1","1","ml/dose","1","suspension","PO","q6-8h","Suspension","Category: Antacid (Aluminium/Magnesium Hydroxide). Neutralizes gastric acid and protects mucosal lining. Indications: Gastric ulcers, reflux esophagitis, hyperphosphatemia in renal disease. Dosage: Dogs/Cats 0.5-1 ml/kg PO q6-8h. Give 1-2 hours apart from other medications. Ref: Plumb's 9th Ed. p. 48."
"39","Ranitack / Rani (dog)","Ranitidine","dog","2","2","50","mg/amp","2","tablet/injectable/syrup","PO/IV/IM","q8-12h","Tab 75, 150 mg; Amp 50 mg; Noerosive Syrup","H2 blocker. Dogs: 2mg/kg q8-12h."
"40","Ranitack / Rani (cat)","Ranitidine","cat","2.5","3.5","50","mg/amp","2","tablet/injectable/syrup","PO/IV/IM","q8-12h","Tab 75, 150 mg; Amp 50 mg; Noerosive Syrup","H2 blocker. Cats: 2.5-3.5mg/kg q8-12h."
"41","Antodine","Famotidine","dogs and cats","0.5","1","20","mg/amp","2","tablet/injectable","PO/IV","q12-24h","Tab 20, 40 mg; Amp 20 mg","H2 blocker. 0.5-1mg/kg q12-24h."
"42","Risek","Omeprazole","dogs and cats","0.5","1.5","40","mg/vial","10","capsule/injectable","PO/IV","q24h","Cap 10, 20, 40 mg; Vial 40 mg","Proton pump inhibitor. 0.5-1.5mg/kg q24h."
"43","Controloc / Pantoloc","Pantoprazole","dogs and cats","0.7","1","40","mg/vial","10","tablet/injectable","IV/PO","q24h","Tab 20, 40 mg; Vial 40 mg","Proton pump inhibitor. 0.7-1mg/kg IV q24h."
"44","Egycusate (dog oral)","Docusate Sodium","dog","0","0","50","mg/5ml","5","syrup","PO","q12h","Syrup","Stool softener. Dogs: 50-100mg PO q12h. Dose is per animal. | DOSING: Dogs/Cats: 2-5 mL rectally as an enema for constipation and fecal impaction. Ref: Plumb's 9th Ed. p. 382."
"45","Egycusate (dog rectal)","Docusate Sodium","dog","0","0","50","mg/ml","1","injectable","Rectal","q12h","5% solution","Stool softener. Dogs: 10-15ml (5%) rectal q12h. | DOSING: Dogs/Cats: 2-5 mL rectally as an enema for constipation and fecal impaction. Ref: Plumb's 9th Ed. p. 382."
"46","Egycusate (cat)","Docusate Sodium","cat","0","0","50","mg/5ml","5","syrup/enema","PO/Rectal","q12h","Syrup, 5% solution","Stool softener. Cats: 50mg PO or 2ml (5%) rectal q12h. | DOSING: Dogs/Cats: 2-5 mL rectally as an enema for constipation and fecal impaction. Ref: Plumb's 9th Ed. p. 382."
"47","Lactulose (dog)","Lactulose","dogs and cats","0","0","3300","mg/5ml","5","syrup","PO","q8h","Syrup","Category: Laxative / Ammonia Reducer. Synthetic non-absorbable disaccharide that acidifies colonic contents, trapping ammonia as unabsorbable ammonium ions and drawing water into bowel lumen. Indications: Hepatic encephalopathy and chronic constipation. Dosage: Dogs: 0.5-1 ml/kg (or 5-15 ml) PO q8h titrated to 2-3 soft stools/day; Cats: 0.5-1 ml/kg (or 2-5 ml) PO q8-12h; Cattle: 50-100 ml PO. Ref: Plumb's 9th Ed. p. 656. | DOSING: Cattle/Horses: 250-500 g Epsom salts or 1-2 Liters Mineral Oil PO via stomach tube; Sheep: 50-100 g. Ref: Merck Vet Manual."
"48","Lactulose (cat)","Lactulose","dogs and cats","0","0","3300","mg/5ml","5","syrup","PO","q24h","Syrup","Category: Laxative / Ammonia Reducer. Synthetic non-absorbable disaccharide that acidifies colonic contents, trapping ammonia as unabsorbable ammonium ions and drawing water into bowel lumen. Indications: Hepatic encephalopathy and chronic constipation. Dosage: Dogs: 0.5-1 ml/kg (or 5-15 ml) PO q8h titrated to 2-3 soft stools/day; Cats: 0.5-1 ml/kg (or 2-5 ml) PO q8-12h; Cattle: 50-100 ml PO. Ref: Plumb's 9th Ed. p. 656. | DOSING: Cattle/Horses: 250-500 g Epsom salts or 1-2 Liters Mineral Oil PO via stomach tube; Sheep: 50-100 g. Ref: Merck Vet Manual."
"49","Paraffin Oil (dog)","Paraffin","dog","0","0","1","ml/dose","1","oil","PO","q12-24h","Oil","Lubricant laxative. Dogs: 1-2 tablespoons q12-24h. | DOSING: Cattle/Horses: 250-500 g Epsom salts or 1-2 Liters Mineral Oil PO via stomach tube; Sheep: 50-100 g. Ref: Merck Vet Manual."
"50","Paraffin Oil (cat)","Paraffin","cat","0","0","1","ml/dose","1","oil","PO","q12-24h","Oil","Lubricant laxative. Cats: 10-25mm (small amount) q12-24h. | DOSING: Cattle/Horses: 250-500 g Epsom salts or 1-2 Liters Mineral Oil PO via stomach tube; Sheep: 50-100 g. Ref: Merck Vet Manual."
"51","Phosphate Enema","Phosphate Enema","dog","0","0","1","bottle/dose","1","enema","Rectal","Once","Enema, Enemax","⚠️ DOGS ONLY - DO NOT USE IN CATS! Dogs: 60-128ml. Dose is per animal."
"52","Glycerin Suppository (dog)","Glycerin","dog","0","0","1","supp/dose","1","suppository","Rectal","Once","Suppository","Laxative. Dogs: 1-2 small suppositories rectally. | DOSING: Cattle/Horses: 250-500 g Epsom salts or 1-2 Liters Mineral Oil PO via stomach tube; Sheep: 50-100 g. Ref: Merck Vet Manual."
"53","Glycerin Suppository (cat)","Glycerin","cat","0","0","5","% solution","1","solution","Rectal","Once","5% solution","Laxative. Cats: 2ml of 5% solution rectally. | DOSING: Cattle/Horses: 250-500 g Epsom salts or 1-2 Liters Mineral Oil PO via stomach tube; Sheep: 50-100 g. Ref: Merck Vet Manual."
"54","Streptoquin","Streptomycin / Sulphonamide","dogs and cats","0","0","300","mg/5ml","5","syrup","PO","q8-12h","Syrup","Antidiarrheal. 2-5ml per animal q8-12h. Dose is per animal."
"55","Flagyl / Flagelat (dog)","Metronidazole","dog","10","25","125","mg/5ml","5","tablet/syrup/injectable","PO/IV/SC","q12h","Syrup 125, 200 mg; Tab 250, 500 mg; Vial 500 mg","Category: Antiprotozoal / Antibiotic (Nitroimidazole). Potent anaerobic bactericidal agent and antiprotozoal. Indications: Giardiasis, Trichomoniasis, anaerobic sepsis, hepatic encephalopathy, and canine/feline chronic diarrhea. Dosage: Dogs 10-25 mg/kg PO/IV q12h; Cats 8-15 mg/kg PO/IV q12h; Cattle (non-food) 10-20 mg/kg PO/IV q12h. ⚠️ Note: Prohibited in food-producing animals in many jurisdictions. Ref: Plumb's 9th Ed. p. 748."
"56","Flagyl / Flagelat (cat)","Metronidazole","cat","8","10","125","mg/5ml","5","tablet/syrup/injectable","PO/IV/SC","q12h","Syrup 125, 200 mg; Tab 250, 500 mg; Vial 500 mg","Category: Antiprotozoal / Antibiotic (Nitroimidazole). Potent anaerobic bactericidal agent and antiprotozoal. Indications: Giardiasis, Trichomoniasis, anaerobic sepsis, hepatic encephalopathy, and canine/feline chronic diarrhea. Dosage: Dogs 10-25 mg/kg PO/IV q12h; Cats 8-15 mg/kg PO/IV q12h; Cattle (non-food) 10-20 mg/kg PO/IV q12h. ⚠️ Note: Prohibited in food-producing animals in many jurisdictions. Ref: Plumb's 9th Ed. p. 748."
"57","Kapect Compound","Sulphonamide / Trimethoprim","dogs and cats","15","15","120","mg/5ml","5","syrup","PO","q12h","Syrup 120 mg","Antidiarrheal. 15mg/kg PO q12h."
"58","Antinal","Nifuroxazide","dogs and cats","4.4","4.4","200","mg/5ml","5","capsule/syrup","PO","q8h","Cap; Syrup 200 mg","Intestinal antiseptic. 4.4mg/kg q8h. | DOSING: Apply topically to affected area BID or as directed on label. For external veterinary use only."
"59","Dicynone / Haemostop","Ethamsylate","dogs and cats","0","0","250","mg/amp","2","tablet/injectable","PO/IV/IM","q8-24h","Tab 250, 500 mg; Amp 250 mg","Hemostatic. 1 tablet/ampoule q8-24h. Dose is per animal."
"60","Epicozyme / Becozyme / Neurotone","Vitamin B Complex","dogs and cats","0","0","1","ml/dose","1","syrup/injectable/tablet","PO/IM","per label","Syrup, Amp, Tab","B vitamin supplement. 1-4ml daily. Dose is per animal. | DOSING: Per-animal dosing per product label. Cattle/Horses 5-10 mL IM/SC. (NOT standard mg/kg weight-based)"
"61","Hepaticum / Hepatofort","Liver Tonic","dogs and cats","0","0","1","ml/dose","1","syrup/capsule","PO","q8-12h","Syrup, Cap","Liver support. 2-5ml per animal q8-12h."
"62","Totavit / Sansovit / Halorang (dog)","Multivitamin","dog","0","0","1","ml/dose","1","syrup","PO","q24h","Syrup","Multivitamin. Dogs: 1-5ml daily. Dose is per animal. | DOSING: Volume-based dosing per label. Cattle/Horses 10-25 mL IM/SC/IV; Calves/Foals 5-10 mL. (Not standard mg/kg). Ref: Merck Vet Manual."
"63","Totavit / Sansovit / Halorang (cat)","Multivitamin","cat","0","0","1","ml/dose","1","syrup","PO","q24h","Syrup","Multivitamin. Cats: 0.5-3ml daily. Dose is per animal. | DOSING: Volume-based dosing per label. Cattle/Horses 10-25 mL IM/SC/IV; Calves/Foals 5-10 mL. (Not standard mg/kg). Ref: Merck Vet Manual."
"64","Hydrosafe / Hydran (dog)","Minerals (Rehydration)","dog","0","0","1","sachet/200ml","200","sachet","PO","As needed","Sachets","Oral rehydration. Dogs: 1-3 sachets. Dose is per animal. | DOSING: Volume-based dosing per label. Cattle/Horses 10-25 mL IM/SC/IV; Calves/Foals 5-10 mL. (Not standard mg/kg). Ref: Merck Vet Manual."
"65","Hydrosafe / Hydran (cat)","Minerals (Rehydration)","cat","0","0","1","sachet/200ml","200","sachet","PO","As needed","Sachets","Oral rehydration. Cats: 0.3-0.6 sachets. Dose is per animal. | DOSING: Volume-based dosing per label. Cattle/Horses 10-25 mL IM/SC/IV; Calves/Foals 5-10 mL. (Not standard mg/kg). Ref: Merck Vet Manual."
"66","Cal-Bor-Mag (Injectable)","Calcium","dogs and cats","0","0","200","mg/ml","1","injectable","IV","As needed","Injectable","Category: Electrolyte / Mineral (Calcium). Calcium borogluconate formulation for acute hypocalcemia (Milk fever / Parturient paresis in cattle, eclampsia in bitches). Indications: Tremors, recumbency, loss of consciousness due to acute calcium deficiency. Dosage: Cattle: 250-500 ml IV slowly by gravity over 15-20 minutes with cardiac auscultation; Bitches: 1-1.5 ml/kg 10% solution slowly IV. Ref: Plumb's 9th Ed. p. 165. | DOSING: Volume per animal. Cattle: 250-500 mL slow IV or SC (divide SC sites); Sheep/Goats: 50-100 mL. For hypocalcemia / milk fever. Warm to body temperature before IV infusion. Ref: Merck Vet Manual."
"67","Osteocare / Decal-B12 (dog)","Calcium","dog","5","22","150","mg/5ml","5","tablet/syrup","PO","q24h","Tab, Syrup","Category: Electrolyte / Mineral (Calcium). Calcium borogluconate formulation for acute hypocalcemia (Milk fever / Parturient paresis in cattle, eclampsia in bitches). Indications: Tremors, recumbency, loss of consciousness due to acute calcium deficiency. Dosage: Cattle: 250-500 ml IV slowly by gravity over 15-20 minutes with cardiac auscultation; Bitches: 1-1.5 ml/kg 10% solution slowly IV. Ref: Plumb's 9th Ed. p. 165. | DOSING: Volume per animal. Cattle: 250-500 mL slow IV or SC (divide SC sites); Sheep/Goats: 50-100 mL. For hypocalcemia / milk fever. Warm to body temperature before IV infusion. Ref: Merck Vet Manual."
"68","Osteocare / Decal-B12 (cat)","Calcium","cat","10","25","150","mg/5ml","5","tablet/syrup","PO","q24h","Tab, Syrup","Category: Electrolyte / Mineral (Calcium). Calcium borogluconate formulation for acute hypocalcemia (Milk fever / Parturient paresis in cattle, eclampsia in bitches). Indications: Tremors, recumbency, loss of consciousness due to acute calcium deficiency. Dosage: Cattle: 250-500 ml IV slowly by gravity over 15-20 minutes with cardiac auscultation; Bitches: 1-1.5 ml/kg 10% solution slowly IV. Ref: Plumb's 9th Ed. p. 165. | DOSING: Volume per animal. Cattle: 250-500 mL slow IV or SC (divide SC sites); Sheep/Goats: 50-100 mL. For hypocalcemia / milk fever. Warm to body temperature before IV infusion. Ref: Merck Vet Manual."
"69","Diflucan (dog)","Fluconazole","dog","2.5","5","150","mg/cap","1","capsule","PO","q12h","Cap 150 mg","Systemic antifungal. Dogs: 2.5-5mg/kg q12h."
"70","Diflucan (cat)","Fluconazole","cat","0","0","150","mg/cap","1","capsule","PO","q12h","Cap 150 mg","Systemic antifungal. Cats: 50-100mg per cat q12h. Dose per animal."
"71","Itraconazole / Itrapex","Itraconazole","dogs and cats","5","5","100","mg/cap","1","capsule","PO","q24h","Cap 100 mg","Antifungal. 5mg/kg daily. Pulse therapy: 1 week on, 1 week off."
"72","Lamasil / Lamafin","Terbinafine","dogs and cats","20","40","250","mg/tab","1","tablet","PO","q24h","Tab 125, 250 mg","Antifungal. 20-40mg/kg daily. Pulse therapy recommended."
"73","Tobrin / Ciprocin / Tobrex","Eye Antibiotic","dogs and cats","0","0","3","mg/ml","1","eye drops","Ophthalmic","q6-12h","Eye drops","Ophthalmic antibiotic. 1 drop q6-12h."
"74","Tobradex / Isoptomaxitrol","Eye Antibiotic + Steroid","dogs and cats","0","0","3","mg/ml","1","eye drops","Ophthalmic","q6-12h","Eye drops","Combined antibiotic/steroid. 1 drop q6-12h. Avoid with corneal ulcers."
"75","Otal / Otosept","Ear Antibiotic + Steroid","dogs and cats","0","0","1","drop/dose","1","ear drops","Otic","q8-12h","Ear drops","Otic preparation. 1-4 drops q8-12h."
"76","Fucidin / Oxy-G","Topical Antibiotic","dogs and cats","0","0","20","mg/g","1","cream/spray","Topical","q8-12h","Cream, Spray","Topical antibiotic. Apply to affected area BID-TID. | DOSING: Apply topically to affected area BID or as directed on label. For external veterinary use only."
"77","Healsol / Iurexoul","Healing Promoter","dogs and cats","0","0","1","application","1","spray/cream","Topical","q12h","Spray, Cream","Wound healing promoter. Apply to wounds BID. | DOSING: Apply topically to affected area BID or as directed on label. For external veterinary use only."
"78","Cyteal","Skin Antiseptic","dogs and cats","0","0","1","dilute 1:9","10","solution","Topical","As needed","Solution (dilute 1:9)","Antiseptic wash. Dilute 1:9 with water before use. | DOSING: Apply topically to affected area BID or as directed on label. For external veterinary use only."
"79","Synulox","Amoxicillin + Clavulanic acid","dogs and cats","12.5","12.5","175","mg/ml","1","injectable","IM/SC","q24h","Veterinary injectable","Category: Antibiotic (Potentiated Penicillin). Beta-lactam antibiotic with clavulanate beta-lactamase inhibitor. Broad-spectrum bactericidal activity against Gram-positive and Gram-negative aerobes/anaerobes. Indications: Skin, soft tissue, urinary, respiratory, and periodontal infections. Warnings: Contraindicated in penicillin hypersensitivity; avoid oral use in small herbivores. Ref: Plumb's 9th Ed. p. 62."
"80","Lacteol Forte (cat)","Lactobacillus LB (Probiotic)","cat","0","0","10","billion CFU/sachet","1","oral sachet","PO","q12-24h","Sachet 10 billion CFU (10×10⁹); Pack of 6 sachets","🐱 CATS: 1/4 to 1/2 sachet per cat daily (1-5 billion CFU/day). For therapeutic use (IBD, severe diarrhea): up to 1/2 sachet BID. Mix with food. Human product used in veterinary practice. Indications: Antibiotic-associated diarrhea prevention, acute infectious diarrhea, H. pylori therapy support, GI microbiome restoration."
"81","Lacteol Forte (small dog <10kg)","Lactobacillus LB (Probiotic)","dog","0","0","10","billion CFU/sachet","1","oral sachet","PO","q12-24h","Sachet 10 billion CFU (10×10⁹); Pack of 6 sachets","🐕 SMALL DOGS (<10kg): 1/4 to 1/2 sachet daily (2.5-5 billion CFU). For therapeutic use: up to 1/2 sachet BID. Mix with food. Human product used in veterinary practice. Indications: Antibiotic-associated diarrhea, acute GI infections, post-antibiotic gut restoration."
"82","Lacteol Forte (medium dog 10-25kg)","Lactobacillus LB (Probiotic)","dog","0","0","10","billion CFU/sachet","1","oral powder","PO","q12-24h","Sachet 10 billion CFU (10×10⁹); Pack of 6 sachets","🐕 MEDIUM DOGS (10-25kg): 1/2 to 1 sachet daily (5-10 billion CFU). For therapeutic use: up to 1 sachet BID. Mix with food. Human product used in veterinary practice. Indications: Antibiotic-associated diarrhea, acute GI infections, post-antibiotic gut restoration."
"83","Lacteol Forte (large dog >25kg)","Lactobacillus LB (Probiotic)","dog","0","0","10","billion CFU/sachet","1","oral powder","PO","q12-24h","Sachet 10 billion CFU (10×10⁹); Pack of 6 sachets","🐕 LARGE DOGS (>25kg): 1 to 2 sachets daily (10-20 billion CFU). For therapeutic use: up to 1 sachet BID. Mix with food. Human product used in veterinary practice. Indications: Antibiotic-associated diarrhea, acute GI infections, post-antibiotic gut restoration."
"84","Flunix (Bayer)","Flunixin Meglumine","dogs and cats","1.1","1.1","50","mg/ml","1","injectable","IM/IV","q12h","100 ml vial (Bayer)","Category: NSAIDs. COMPOSITION: Each 1 ml contains: - Flunixin (as meglumine) 50 mg PROPERTIES: Non-steroidal antiinflammatory, analgesic and antipyretic for use in horses, cattle, pigs and dogs. | Ref: Plumb's 9th Ed. p. 488."
"91","Phenylo-ject (Adwia)","Phenylbutazone","dogs and cats","2.2","4.4","200","mg/ml","1","injectable","IV","q24h (horses), q48h (cattle)","100 ml vial (Adwia)","Category: NSAIDs. Composition: Each 100 ml contains - Phenylbutazone 20 gm Indications: It is used to relief the inflammatory conditions associate disorders with muscoskeletal system in horses and dogs Dosage & Administrations: » It may be administered once daily for not more than 5 successive days. | Ref: Horses 2.2-4.4 mg/kg IV/PO q24h. Cattle 10 mg/kg PO (rarely used). Plumb's. Do NOT use in cats."
"92","Xyla-ject (Adwia)","Xylazine","dogs and cats","0.05","0.3","23.3","mg/ml","1","injectable","IV/IM","q24h","100 ml vial (Adwia)","Category: Anesthetic. Xyla-Ject Injectable Solution For Veterinary Use Only. COMPOSITION: Each 1 ml contains: - Xylazine Hydrochloride 23.3 mg (eq to 20 mg Xylazine base). | Species-specific doses: Dogs/Cats 0.5-1.1 mg/kg IV/IM. Horses 0.5-1.1 mg/kg IV. Cattle 0.05-0.15 mg/kg IV."
"94","Valpam – Neuril (N/A)","Diazepam","dogs and cats","0.5","1","1","mg/ml","1","injectable","IV/IM","q24h","Ampoule (N/A)","Category: anxiolytic and sedative. Indication: • Part of anesthetic combination as muscle relaxant (control of convulsions) + calming effect M.O.A: • Increasing the effect of neurotransmitter (GABA) which reducing neuronal excitability in brain. Dosage: • Cattle: 0.5-1 mg/kg I/M • Equine: 0.02-0.1 mg/kg I/V."
"96","Propofol 1% (N/A)","Propofol","dogs and cats","6","8","10","mg/ml","1","injectable","IV","q24h","20 ml vial (N/A)","Category: Anesthetic. Composition: Propofol 20 mg / 20ml Properties: • Rapid onset of action • Induction of general anesthesia in dogs and cats • Recovery after 20 min in dogs and 30 min in cats Dose: 6-8 mg / Kg I/V"
"101","Kenamethasone 20 (El kenana group)","Dexamethasone","dogs and cats","0.05","0.2","2.64","mg/ml","1","injectable","IV/IM","q12-24h (taper)","100 ml vial (El kenana group)","Category: SAIDs. COMPOSITION Each 1 ml contains: - Dexamethasone sodium phosphate 2.64 mg ( eq to Dexamethasone base 2 mg) INDICATIONS • Cattle, buffaloes, sheep and goats: - Ketosis, Allergic reactions, Mastitis, Milk fever, Eczema, Asthma, Arthritis & Inflamatory joint lesions. • Horses, dogs and cats. | Ref: Dogs/Cats anti-inflammatory: 0.05-0.2 mg/kg IV/IM/PO q12-24h. Shock: 2-4 mg/kg IV. Plumb's."
"105","Depo-medrol (Zoetis)","Methylprednisolone acetate","dogs and cats","0.5","2","100","mg/ml","1","injectable","IM","q12-24h (taper)","20 ml vial (Zoetis)","Category: SAIDs. Indications: • Treat certain allergies, skin condition and type of arthritis • Used in horses, dog and cat • Available in two concentrations, 20 mg per mL and 40 mg per mL. Dosage: Horse: • I/M: 200 mg (10ml) • Intra-synovia: 40-240 mg (120 average) (2-12ml) Dog: • I/M: 20 mg (1ml). | Ref: Dogs/Cats 0.5-2 mg/kg PO/IM q12-24h anti-inflammatory; immunosuppressive 2-4 mg/kg. Plumb's."
"110","Fenylbutazone-20 (VMD Pharma)","Phenylbutazone","dogs and cats","2.2","4.4","100","mg/ml","1","intrauterine solution","Intrauterine","q24h (horses), q48h (cattle)","100 ml vial (VMD Pharma)","Category: NSAIDs. Composition: Each 1 ml contains: - Phenylbutazon 200 mg Species: cattle, horse, cat and dog Indications: - Arthritis, bursitis, myositis, tendinitis, tendo vaginitis and neuritis, mastitis and metritis. | Ref: Horses 2.2-4.4 mg/kg IV/PO q24h. Cattle 10 mg/kg PO (rarely used). Plumb's. Do NOT use in cats."
"112","Ketodel 10% (Delta Pharma)","Ketoprofen","dogs and cats","1","2","100","mg/ml","1","intrauterine solution","Intrauterine","q24h max 5 days","100 ml vial (Delta Pharma)","Category: NSAIDs. Composition: Each 1 ml contains: - Ketoprofen 100 mg Indications : - Cattle: Treatment of Acute Mastitis, Metritis, Calf, pneumonia, 3day sickness, Downer-cow syndrome & Claw affections (Foot rot). - Horses: Treatment of Colic, Laminitis, Tendonitis, Osteo-arthritis. | Ref: Dogs 1-2 mg/kg PO/SC/IM q24h. Cats 1 mg/kg SC single dose. Plumb's."
"113","Kelaprofen (kela Co.)","Ketoprofen","dogs and cats","1","2","100","mg/ml","1","intrauterine solution","Intrauterine","q24h max 5 days","100 ml vial (kela Co.)","Category: NSAIDs. Indications: Cattle, horse, dog and cat: • Inflammation and pain associated with musculoskeletal disorders • Cow: Acute Mastitis, Metritis, Calf, pneumonia, 3day sickness, Downer-cow syndrome & Claw affections • Horse: Colic. Contra-indications and Precautions. | Ref: Dogs 1-2 mg/kg PO/SC/IM q24h. Cats 1 mg/kg SC single dose. Plumb's."
"117","Meloxicam (Avico)","Meloxicam","dogs and cats","0.1","0.2","20","mg/ml","1","injectable","SC","q24h","50 ml vial (Avico)","Category: NSAIDs. Composition: Each 1 ml contains Meloxicam 20 mg Properties - MELOXICAM AVICO is non steroidal anti-inflammatory antiexudative antipyretic, analgesic drug of oxicam class, it has wide application use in farm animal's cattle's, sheep and goats, also in equine and in small animals dogs and cats. | Ref: Dogs 0.1-0.2 mg/kg PO/SC q24h. Cats 0.05-0.1 mg/kg SC single dose only. Plumb's."
"123","Carprofen 5% (Adwia)","Carprofen","dog","2.2","4.4","50","mg/ml","1","injectable","IV/SC","q24h PO or single SC/IV","100 ml vial (Adwia)","Category: NSAIDs. Composition: Carprofen 5 gm / 100 ml Properties: Long acting non-steroidal anti-inflammatory, relief pain for up to 3 full days. Indications: In Dogs: • Relief of pain and inflammation associated with osteoarthritis. | Ref: Dogs 2.2 mg/kg PO q12h or 4.4 mg/kg q24h. Cats 4 mg/kg SC single dose. Cattle: 0.7 mg/kg IV/SC. Plumb's."
"124","Aviprofen (Avico)","Carprofen","dogs and cats","2.2","4.4","100","mg/ml","1","injectable","IV/SC","q24h PO or single SC/IV","50 ml vial (Avico)","Category: NSAIDs. Properties: Long acting non-steroidal anti-inflammatory Indications: In Dogs: • Relief of pain and inflammation associated with osteoarthritis • Control of postoperative pain associated with soft tissue (including intra-ocular) • Orthopedic surgeries In Cats. | Ref: Dogs 2.2 mg/kg PO q12h or 4.4 mg/kg q24h. Cats 4 mg/kg SC single dose. Cattle: 0.7 mg/kg IV/SC. Plumb's."
"173","Vitamin AD3E (VMD Pharma)","Vitamin AD3E","dogs and cats","0","0","100","mg/ml","1","injectable","IM/SC","per label","100 ml vial (VMD Pharma)","Category: Supportive treatment. Composition: Each 1 ml solution contains: - Vitamin A 50.000 I.U. - Vitamin D3 25.000 I.U. | DOSING: Per-animal dosing per product label. Cattle/Horses 5-10 mL IM/SC. (NOT standard mg/kg weight-based) | Ref: Merck Vet Manual."
"186","Cofacalcium (saint-herblon)","Calcium + Magnesium + Boric acid","dogs and cats","0","0","100","mg/ml","1","injectable","IV","q12h","500 ml vial (saint-herblon)","Category: Supportive treatment. Composition: Every 1 ml contain： - Calcium gluconate 280 mg - Magnesium hypophosphite 90 mg. | DOSING: Per-animal IV slow infusion. Cattle: 250-500 mL IV slowly. (NOT weight-based mg/kg) | Ref: Plumb's 9th Ed. p. 165."
"213","Tonophos (Atco pharma)","Toldimfos","dogs and cats","0","0","200","mg/ml","1","injectable","IM/SC","q24-48h IM/SC","100 ml vial (Atco pharma)","Category: Supportive treatment. Composition Each 1 ml contains: - Toldimphos sodium 200mg Indications and Usage Horses, sheep, cattle, goats, dogs. | Ref: Cattle/Horses 5-10 mg/kg IM/SC. Supportive liver-phosphorus supplement. Merck Vet Manual. | DOSING: Volume per animal. Cattle/Horses: 10-25 mL IV/IM/SC; Calves/Foals: 5-12 mL; Sheep/Goats: 2.5-5 mL; Dogs/Cats: 0.5-5 mL. Ref: Manufacturer label / Merck Vet Manual."
"216","Menbutone 10% (Adwia)","Menbutone","dogs and cats","5","10","100","mg/ml","1","injectable","IV/IM","single dose IV/IM","100 ml vial (Adwia)","Category: Choleretic & Liver Tonic. Composition: Each ml contains: - Menbutone 100 mg Indications: Stimulation of gastro-intestinal function. Dosage & Administration: - Cattle, Sheep, Goats, Horses & Dogs: 1 ml / 10 kg B.wt. given by slow I.V. injection. | Ref: Cattle 5-10 mg/kg IV/IM (liver stimulant, ketosis). Merck Vet Manual."
"219","Bykahepar (MSD Co. (Intervet))","Clanobutin Sodium","dogs and cats","10","20","100.07","mg/ml","1","injectable","IM/IV","q12h","100 ml vial (MSD Co. (Intervet))","Category: Choleretic & Liver Tonic. Bykahepar Injectable digestive stimulant A reliable digestive stimulant for cattle, horses, sheep, dogs, goats and cats. • Single treatment • Multiple indications • Used in many species Composition Each ml solution contains."
"226","Vitamin E-Selenium (Bremer Pharma)","Vitamin E-Selenium","dogs and cats","0","0","100","mg/ml","1","injectable","IM/SC","per label","100 ml vial (Bremer Pharma)","Category: Supportive treatment. Composition: 1 ml solution contains - Vitamin E 100 mg - Sodium selenite 3 mg Indications: Vitamin E and Selenium deficiency. Dosage: I/M - Cattle: 5-10ml - Calves: 2-5ml - Lambs: 0.5-1ml - Dogs & Cats: 0.5-1ml - Rabbits: 0.25-0.5ml | DOSING: Per-animal dosing per product label. Cattle/Horses 5-10 mL IM/SC. (NOT standard mg/kg weight-based) | Ref: Plumb's 9th Ed. p. 1195."
"299","Minophylline 500 (N/A)","Theophylline","dogs and cats","5","5","5","mg/ml","1","injectable","IV/IM","q12h","5 Amps (N/A)","Category: Bronchodilator. Dosage: • Cattle: 3-4 amp I/M or I/V • Sheep: 1 amp I/M or I/V From reference: • Horse: 5mg/Kg q12h PO or very slow I/V • Cattle: 20mg/Kg q12h PO or q24 in virus D. • Dogs: • Immediate-release: 9 mg/kg q6-8h PO • Sustained release: 10 mg/kg q12h PO. • Cats: • Immediate-release: 4 mg/kg q8-12h PO."
"306","Amoxykel 15 (kela Co.)","Amoxicillin","dogs and cats","7.5","15","150","mg/ml","1","injectable","IV/IM/SC","q24h","100 ml vial (kela Co.)","Category: Antibiotic (Penicillin). COMPOSITION: Amoxicillin (as trihydrate) 150 mg / ml TARGET SPECIES: Cattle, pigs, dogs, cats. INDICATIONS: - For the treatment of infections caused by Gram-positive and Gram-negative bacteria that are susceptible to amoxycillin. CONTRA. | Ref: Plumb's 9th Ed. p. 57."
"309","Lasix 4% (Sanofi)","Furosemide","dogs and cats","2","4","40","mg/ml","1","injectable","IV/IM","q8-12h IV/IM/PO","5 x 4ml Amps (Sanofi)","Category: Diuretic. Properties: High-Ceiling diuretic Indications: For treatment of: • In Dogs, Cats & Horses: Edema (pulmonary congestion, ascites) associated with cardiac insufficiency and acute non-inflammatory tissue edema. | Ref: Dogs/Cats 1-4 mg/kg IV/IM/PO q8-12h. Horses 0.5-1 mg/kg IV q12h. Cattle 0.5-1 mg/kg IV. Plumb's."
"381","Syntocinon (Novartis)","Oxytocin","dogs and cats","0","0","100","mg/ml","1","intrauterine solution","Intrauterine","as needed","Ampoule (Novartis)","Category: Pituitary Hormone (Oxytocic). Stimulates rhythmic contraction of uterine smooth muscle and contraction of myoepithelial cells in mammary alveoli (milk letdown). Indications: Uterine inertia (dystocia - ensure cervix is dilated!), retained placenta, post-partum uterine hemorrhage, agalactia, and post-partum uterine involution. Dosage: Cattle/Horses: 10-30 IU IV/IM; Swine: 10-20 IU IM; Dogs: 1-5 IU SC/IM. Ref: Plumb's 9th Ed. p. 896. | DOSING: Per-animal fixed dose. Cattle: 100-250 mcg (or 10-20 mcg Buserelin) IM/IV. (NOT weight-based mg/kg). Ref: Plumb's 9th Ed."
"400","Energomax-20 (Selmore)","L-Carnitine","dogs and cats","50","100","100","mg/ml","1","injectable","IM","q24h PO","50 ml vial (Selmore)","Category: Supportive treatment. COMPOSITION Each ml contains: - L-Carnitine (synthetic) 200 mg - Purified water up to 1 mL DOSAGE - Cattle & Horse: 3 ml \ 100 kg body weight. - Dogs: 1 ml \ 10 kg body weight. | Ref: Dogs 50-100 mg/kg PO q24h (dilated cardiomyopathy). Merck Vet Manual."
"402","Lemcozole 2.5% (MAPCO)","Albendazole","dogs and cats","5","15","25","mg/ml","1","oral solution","PO","single dose PO","1L Bottle (MAPCO)","Category: Anthelmintic. Anthelmintic (Benzimidazole) Indications: • Avery effective anthelmintic recommended for the treatment of the different worm Infestations such as round, lung and tape worms as well as liver flukes in cattle, buffaloes, calves, sheep & goats. • Also, it kills the eggs of worms and flukes. Dose. | Ref: Ruminants 5-15 mg/kg PO. Horses 5-10 mg/kg PO x 5 days. Merck Vet Manual."
"413","Safe-guard (MSD Co. (Intervet))","Fenbendazole","dogs and cats","50","50","100","mg/ml","1","oral solution","PO","q24h x 3-5 days","1L Bottle (MSD Co. (Intervet))","Category: Anthelmintic. Anthelmintic (Benzimidazole) Indications: A broad spectrum anthelmintic for control of immature and mature stages of the following nematodes and cestodes of the gastrointestinal and respiratory tracts of cattle. Dosage: • Cattles, Horses & Pigs: 1ml / 13 kg B.wt. • Sheep: 1ml / 20 kg B.wt. | Ref: Dogs/Cats 50 mg/kg PO q24h x 3-5 days. Plumb's Vet Drug Handbook."
"415","Niclosamide 75% (Adwia)","Niclosamide","dogs and cats","50","100","100","mg/g","1","oral powder","PO","single dose PO (repeat in 14 days)","Powder (Adwia)","Category: Anthelmintic. Anthelmintic (Salicylanilide) Composition: Each 100 gm contains: - Niclosamide 57 gm Indications: Used for control tapeworm (cestode) infestation in Cattle, Sheep, Goats, Pigs, Dogs, Cats Dosage: • Cattle, Pigs, Sheep & Goats: 1 gm / 15 kg B.wt. • Dogs & Cats: 1 gm / 5 kg B.wt. | Ref: Dogs/Cats 125 mg/kg PO (tapeworm). Cattle/Sheep 50-100 mg/kg PO. Plumb's."
"434","Avicarb 12% (Avico)","Imidocarb","dog","5","5","120","mg/ml","1","injectable","IM/IV","q24h","100 ml vial (Avico)","Category: Antiprotozoal (Babesia & Anaplasma). Composition: Each 1 ml contains: Imidocarb dipropionate 120 mg Properties Pharmacological Properties: - Dogs given daily oral doses of 5 mg /kg b. wt. imidocarb dipropionate for 30 days then 24 hours after the last dose. | Ref: Plumb's 9th Ed. p. 605."
"436","Imizol (MSD Co. (Intervet))","Imidocarb","dogs and cats","1.2","2.4","100","mg/ml","1","injectable","IM/SC","single dose IM or 2 doses 2 weeks apart","100 ml vial (MSD Co. (Intervet))","Category: Antiprotozoal (Babesia & Anaplasma). Indications: • Babesiosis in horses, cattle and dogs. • The prolonged action of imidocarb exerts a prophylactic effect against babesia infection for up to 6 weeks. • Treatment of anaplasma infection of cattle. Dosage: S/C or I/M Treatment of babesia • Cattle & Sheep: 1ml/100kg bwt. | Ref: Cattle/Dogs 1.2-2.4 mg/kg IM q14d (babesiosis). Plumb's Vet Drug Handbook."
"437","Imidox (Ceva Co.)","Imidocarb","dogs and cats","1.2","2.4","100","mg/ml","1","injectable","IM/SC","single dose IM or 2 doses 2 weeks apart","100 ml vial (Ceva Co.)","Category: Antiprotozoal (Babesia & Anaplasma). Indications: • Babesiosis in horses, cattle and dogs. • The prolonged action of imidocarb exerts a prophylactic effect against babesia infection for up to 6 weeks. • Treatment of anaplasma infection of cattle. Dosage: S/C or I/M Treatment of babesia • Cattle & Sheep: 1ml/100kg bwt. | Ref: Cattle/Dogs 1.2-2.4 mg/kg IM q14d (babesiosis). Plumb's Vet Drug Handbook."
"449","Tropar forte (Pharma swede)","Quinuronium sulphate","dogs and cats","1","1","100","mg/ml","1","injectable","SC","per label","Powder (Pharma swede)","Category: Antiprotozoal (Trypanosoma). Indications: Prevention and treatment of trypanosomiasis in camels, cattle, horses, dogs & pigs Dosage: - by S/C route at dose 1 ml / 40 kg - The injectable solution prepared by dissolving 2.5 g in 15 ml sterile water by adding the water to powder to produce the injection solution. Withdrawal. | DOSING: Per-animal fixed dose. Cattle: 1 mL/100 kg SC (babesiosis). NOT standard mg/kg. | Ref: Merck Vet Manual."
"451","Triquin (Vetoquinol)","Quinuronium sulphate + Chloride salts","dogs and cats","1","1","100","mg/ml","1","injectable","SC","per label","Vial (Vetoquinol)","Category: Antiprotozoal (Trypanosoma). Each package contains: - Vial contains -- Quinuronium sulphate 1.5 gm -- Quinuronium Chloride 1 gm - Sterile water ampoule 12 ml Indications: Prevention and treatment of trypanosomiasis in camels, cattle, horses, dogs & pigs Dosage: - by S/C injection. - 1 vial / 600 kg (0.03 ml / kg). | DOSING: Per-animal fixed dose. Cattle: 1 mL/100 kg SC (babesiosis). NOT standard mg/kg. | Ref: Merck Vet Manual."
"452","Cymelarsan (Merial)","Melarsamine","dogs and cats","0","0","100","mg/ml","1","injectable","IM/SC","per protocol","Vial (Merial)","Category: Antiprotozoal (Trypanosoma). Indications: Prevention and treatment of trypanosomiasis in camels, cattle, horses, dogs & pigs. Dosage: S/C • 1 vial /400kg The injectable solution prepared by dissolving in 20 ml sterile water by adding the water to powder to produce the injection solution. | DOSING: Per-animal fixed dose. Trypanosomosis: 0.25 mg/kg IM x2 q24h. (per protocol)"
"454","Nanazoxid (N/A)","Nitazoxanide","dogs and cats","15","15","15","mg/tab","1","tablet","PO","q24h","Tablets (N/A)","Category: Anti-Diarrheal. Indications: For the prevention and treatment of diarrhoea caused by Cryptosporidium parvum. Ruminants: 15 mg/kg SW or per animal 100 mg BID"" for 5 days in animals 24-47 months old: 200 mg BID for S days in animals 4-11 years old. Recently. a regimen was approved to treat adults."
"482","Protoflix (Octoberpharma)","Pantoprazole","dogs and cats","0.5","1","4","mg/ml","1","injectable","IV","q24h","40 mg vial (Octoberpharma)","Category: Antacid ( PPI ). Indications: Treatment and prophylaxis of gastric, abomasal and duodenal ulcers, uremic gastritis, stress-related or drug-induced erosive gastritis,esophagitis, duodenal gastric reflux, & esophageal reflux Dogs and Cats."
"484","Sucarlfate (El-Nasr)","Sucralfate","dogs and cats","10","20","20","mg/tab","1","tablet","PO","q8h","Tablets (El-Nasr)","Category: Antacid ( Coat ). Properties: Gastric mucosa protectant Indications: Sucralfate is used to prevent and treat gastric ulcers Small Animal Dosage ■ Dogs Cats: • 0.5-1 g q8-12h PO."
"488","Novacin 50 (El kenana group)","Dipyrone","dogs and cats","25","50","500","mg/ml","1","injectable","IV/IM/SC","q8-12h IM/IV","100 ml vial (El kenana group)","Category: Analgesic, Antipyretic & Spasmolytic. COMPOSITION Each 100 ml contains: - Dipyrone 50 gm. | Ref: Cattle/Horses 25-50 mg/kg IV/IM q8-12h. Dogs/Cats 25-50 mg/kg IM/SC q8h. Plumb's."
"489","Buscopan (Adwia)","Butylscopolamine","dogs and cats","0.1","0.3","100","mg/ml","1","injectable","IV/IM","q6-8h IV/IM","6 Amps (Adwia)","Category: Analgesic & Spasmolytic. Properties: Antispasmodic Indications: Indicated for gastrointestinal spasm and urogenital spasm in Cattle, horses and dogs. Dose: 1 amp / 70 Kg | Ref: Cattle/Horses 0.1-0.3 mg/kg IV/IM slow (antispasmodic). Dogs/Cats 0.1 mg/kg IV/IM. Plumb's."
"490","Scopyrone (Adwia)","Butylscopolamine + Metamizole","dogs and cats","0.1","0.3","500","mg/ml","1","injectable","IV/IM","q6-8h IV/IM","100 ml vial (Adwia)","Category: Analgesic & Spasmolytic. Composition: Each ml contains: - Hyoscine (Butylscopolamine) 4 mg - dipyrone (Metamizole) 500 mg Indications: antispasmodic and analgesic Indicated for gastrointestinal spasm and urogenital spasm in Cattle, horses and dogs. Dosage Administration: • Horses: 5 ml / 100 kg by IV route. | Ref: Cattle/Horses 0.1-0.3 mg/kg IV/IM slow (antispasmodic). Dogs/Cats 0.1 mg/kg IV/IM. Plumb's."
"491","Buscopan compositum (Boehringer Ingelheim)","Butylscopolamine + Metamizole","dogs and cats","0.1","0.3","500","mg/ml","1","injectable","IV/IM","q6-8h IV/IM","100 ml vial (Boehringer Ingelheim)","Category: Analgesic & Spasmolytic. Composition per ml: - Butylscopolamine bromide 4 mg - Metamizole 500 mg Indications - Horses: antispasmodic colic, esophageal obstruction - Not milking cattle: diarrhea, antispasmodic colic, esophageal obstruction - Pigs: esophageal obstruction. | Ref: Cattle/Horses 0.1-0.3 mg/kg IV/IM slow (antispasmodic). Dogs/Cats 0.1 mg/kg IV/IM. Plumb's."
"504","Duphalac (N/A)","Lactulose","dogs and cats","0","0","100","mg/ml","1","syrup","PO","q8h","120ML Syrup (N/A)","Category: laxative. Properties: laxative and ammonia reducer Indications: • Treatment of hyperammonemia (hepatic encephalopathy) because it decreases blood ammonia concentrations via lowering the pH of the colon; thus ammonia in the colon is not as readily absorbed. | Ref: Plumb's 9th Ed. p. 656. | DOSING: Cattle/Horses: 250-500 g Epsom salts or 1-2 Liters Mineral Oil PO via stomach tube; Sheep: 50-100 g. Ref: Merck Vet Manual."
"511","Amoxyveto 15 (VMD Pharma)","Amoxicillin","dogs and cats","7","15","150","mg/ml","1","injectable","IV/IM/SC","q24h","100 ml vial (VMD Pharma)","Category: Antibiotic (Penicillin). Composition: Each 1 ml contains: - Amoxicillin (as trihydrate) 150 mg Species: - Cattle, sheep, goat, horse, cat and dog. | Ref: Plumb's 9th Ed. p. 57."
"515","Avimox LA (Avico)","Amoxicillin","dogs and cats","15","15","150","mg/ml","1","injectable","IM/IV","q8h","100 ml vial (Avico)","Category: Antibiotic (Penicillin). Composition: Each 1ml contains: - Amoxicillin (as Amoxicillin Trihydrate) 150 mg Properties - AVIMOX- LA a long acting broad spectrum amoxicillin based antibiotic for use in cattle, sheep, dogs and cats where a single injection giving prolonged antibiotic cover is required. | Ref: Plumb's 9th Ed. p. 57."
"532","Cefotan (MAPCO)","Cefotaxime","dogs and cats","20","50","100","mg/ml","1","injectable","IV","q24h","100 ml vial (MAPCO)","Category: Antibiotic (Cephalosporin). Properties: 3rd generation cephalosporin Gram + Broad-spectrum Ab – Bacteriocidal – beta lactamase resistant Indications: • Active against g+ve and g-ve organisms • Foals, Dogs & Cats: acute respiratory diseases, urinary tract infections, septicemia and gynecological disease. Dosage: • 1.5 ml / 10Kg | Ref: Plumb's 9th Ed. p. 200."
"596","Kombitrim 240 (kela Co.)","Sulphamethoxazole + Trimethoprim","dogs and cats","15","24","240","mg/ml","1","injectable","IM/IV","q12h","100 ml vial (kela Co.)","Category: Antibiotic (Sulfonamide). Kombitrim 240 contains: – Sulfamethoxazole 200 mg – Trimethoprim 40 mg – Excipients up to 1 ml. TARGET SPECIES: Horses, cattle, sheep, goats, pigs, dogs, cats. | Dosing: Cattle/Horses/Swine 15-24 mg/kg (combined) IM/IV/PO q24h. Withdrawal: Meat 10-14 days, Milk 48-72h. Ref: Plumb's 9th Ed. p. 1152."
"611","Thiopental sodium (N/A)","Thiopental sodium","dogs and cats","20","30","100","mg/ml","1","injectable","IV","q24h","1 gm vial (N/A)","Category: Anesthetic. Properties: Ultra short thiobarbiturate Indication: 1. Short surgical procedures 2. Induction agent for inhalation anesthesia Dose: 1. Canine: 20-30 mg/Kg I/V 2."
"614","Lincodel-S (Delta Pharma)","Lincomycin + Spectinomycin","dogs and cats","2.5","2.5","50","mg/ml","1","injectable","IM","q24h IM","100 ml vial (Delta Pharma)","Category: Antibiotic (Lincosamide + aminoglycoside). Composition: Each 1 ml contains: – Lincomycin base 50 mg – Spectinomycin base 100 mg Indications: Lincodel-S is used in dogs and cats for the treatment of infections caused by Staphylococcus aureus, Pasteurella multocida, Streptococcus spp. and Mycoplasma spp. | Ref: Cattle/Pigs 2.5 mg/kg IM q24h. Plumb's."
"631","Lincospectoject (Adwia)","Lincomycin + Spectinomycin","dogs and cats","2.5","2.5","50","mg/ml","1","injectable","IM","q24h IM","100 ml vial (Adwia)","Category: Antibiotic (Lincosamide + aminoglycoside). Each 100 ml contains: - Lincomycin 5 gm - Spectinomycin 10 gm Indication: - treating bovine respiratory disease (BRD) - gastroenteritis in calves and lambs Dose: Calves, sheep, goats, lambs & pigs: 1 ml / 10 kg B.wt. by I.M.I. for 2. | Ref: Cattle/Pigs 2.5 mg/kg IM q24h. Plumb's."
"649","Highticol (Raa Pharma)","Flumethrin","dogs and cats","0","0","10","mg/ml","1","pour-on","Pour-on","q24h","1000 ml (Raa Pharma)","Category: Ectoparasiticide. Used in the treatment of ticks and flea. Composition: flumethrin 10 mg / ml Mode of administration: Topical solution applied on backbone from neck to tail, Applied on Ruminant ,Equine and dogs only Contraindicated in cats | DOSING: Apply topically to affected area BID or as directed on label. For external veterinary use only."
"658","Furosix (N/A)","Furosemide","dogs and cats","5","5","100","mg/ml","1","injectable","IM/IV","q8h","50 ml vial (N/A)","Category: Diuretic. Each 1 ml contains."
"671","Phospho Tonic (Pharma swede)","Toldimfos","dogs and cats","0","0","200","mg/ml","1","injectable","IM/SC","q24-48h IM/SC","50 ml vial (Pharma swede)","Category: Supportive treatment. Composition: Each 1 ml contains: - Toldimfos sodium 200 mg. Equiv. 14% phosphorus ( 28 mg phosphorus ) Properties: Toldimfos is considered one of phosphorus salts that used for the treatment and prevention of hypophosphataemia in cattle and dogs. | Ref: Cattle/Horses 5-10 mg/kg IM/SC. Supportive liver-phosphorus supplement. Merck Vet Manual. | DOSING: Volume per animal. Cattle/Horses: 10-25 mL IV/IM/SC; Calves/Foals: 5-12 mL; Sheep/Goats: 2.5-5 mL; Dogs/Cats: 0.5-5 mL. Ref: Manufacturer label / Merck Vet Manual."
"695","Scourban Plus (Bayer)","Neomycin + Sulphaguanidine + Kaolin","dogs and cats","10","20","639","mg/ml","1","oral suspension","PO","q24h","1L Bottle (Bayer)","Category: Anti-Diarrheal. Scourban Plus suspension is an oral Anti-Diarrheal Prevention and treatment of intestinal infections of bacterial origin in horses, cattle, goats, pigs, sheep, dogs and cats. Indications: - For the treatment of bacterial infections causing gastroenteritis and scour/pneumonia Complex. | Ref: Plumb's 9th Ed. p. 802."
"696","Equi-gan (Tornel)","Boldenone + Sesame oil","dog","0","0","50","mg/ml","1","injectable","IM/IV","per label","100 ml vial (Tornel)","Category: Growth Promoter. FORMULA: Each ml contains. | DOSING: Anabolic steroid - per-animal dose. NOT recommended in small animals. (Fixed dose per label)"
"697","Tolfine (Vetoquinol)","Tolfenamic Acid","dogs and cats","2","2","40","mg/ml","1","injectable","IV/IM/SC","q8h","100 ml vial (Vetoquinol)","Category: NSAIDs. Ingredient of Tolfine 4% Each ml contains: - Tolfenamic Acid 40 mg - Benzyl Alcohol 1% w/v - Excipients q.s. Indications: - In Cattle : As an adjunct in the treatment of bovine respiratory disease, acute mastitis in conjunction with antibacterial therapy & in musculoskeletal disorders. | DOSING: Infuse 1 syringe per affected teat/quarter immediately after milking. Disinfect teat end before infusion."
"698","Tolfex 4% (Allam Co.)","Tolfenamic Acid","dogs and cats","2","2","40","mg/ml","1","injectable","IV/IM/SC","q8h","100 ml vial (Allam Co.)","Category: NSAIDs. Composition: Each 100 ml contains. | DOSING: Infuse 1 syringe per affected teat/quarter immediately after milking. Disinfect teat end before infusion."
"718","Mange Cide (N/A)","Monosulfiram / Sulfur","dogs and cats","0","0","100","mg/g","1","ointment","Topical","q24h","125 gm Ointment (N/A)","Category: Ectoparasiticide. Composition: benzyl benzoate, salicylic acid, pheno, tar Indications Treatment of most type of mange and ring worm in cattle, sheep, goat, camels, Rabbits, Dogs and Cats. Usage To be applied once a day. Package: 125 gm | DOSING: Apply topically to affected area BID or as directed on label. For external veterinary use only."
"733","Imidocarb-LH (Livisto (Invesa))","Imidocarb","dogs and cats","2","2","100","mg/ml","1","injectable","IM/IV","q24h","100 ml vial (Livisto (Invesa))","Category: Antiprotozoal (Babesia & Anaplasma). COMPOSITION Each mL contains: - Imidocarb dipropionate 120mg. | Ref: Plumb's 9th Ed. p. 605."
"745","Ato Gent (Atco pharma)","Gentamicin","dogs and cats","4","4","152","mg/ml","1","injectable","IM","q24h","50 ml vial (Atco pharma)","Category: Antibiotic (Aminoglycoside). Composition Each 100 ml contains: - Gentamycin sulphate 15.2 gm (eq to 10 gm gentamycin base). Indications and Usage - Poultry: CRD and avian mycoplasmosis - Cattle, sheep, goats: respiratory infections; urinary tract infections; colisepticemia. | Ref: Plumb's 9th Ed. p. 504."
"746","Tylotech 20% (Techno Pharm)","Tylosin","dogs and cats","10","20","100","mg/ml","1","intrauterine solution","Intrauterine","q12-24h","100 ml vial (Techno Pharm)","Category: Antibiotic (Macrolide). Composition each 1 mL contains: Tylosin Tartrate (200 mg) Indications: Treatment of pneumonia, foot rot and metritis caused by Mycoplasma, Streptococcus & Staphylococcus spp. Dosage and Administration: Deep I/M • Cattle, Buffaloes, Sheep & Goats: 1 ml/20 kg. | Ref: Cattle 10-20 mg/kg IM q12-24h. Pigs 8-10 mg/kg IM. Plumb's Vet Drug Handbook."
"755","Marboresp (Atco pharma)","Marbofloxacin","dogs and cats","2","5","20","mg/ml","1","injectable","IV/IM","q24h","100 ml vial (Atco pharma)","Category: Antibiotic (Quinolone). Composition Each 1 ml contains. | Ref: Dogs 2-5 mg/kg PO q24h. Cats 2 mg/kg PO q24h. Plumb's Vet Drug Handbook."
"756","Atcostreptomycin (Atco pharma)","Streptomycin","dogs and cats","5","10","10","mg/ml","1","injectable","IM/IV","q24h","100 ml vial (Atco pharma)","Category: Antibiotic (Aminoglycoside). Composition Each vial contains: - Streptomycin sulphate 200 gm (eq to 160 gm streptomycin base). Indications and Usage - Chicken: coryza and colisepticemia. - Cattle and horses: respiratory tract infections due to susceptible micro-organisms. - Turkeys: infectious sinusitis."
"787","Tony fos 20% (UCCMA - Ghannam)","Toldimfos","dogs and cats","0","0","200","mg/ml","1","injectable","IM/SC","q24-48h IM/SC","50 ml vial (UCCMA - Ghannam)","Category: Supportive treatment. Composition: Toldimfos 20% Indications: Tony fos 20% is used in cattle & dogs as a primer aiding drug in control and treatment of Hypophosphatemia as in cases of: 1. Grass tetany and Post parturient paresis. 2. Ketosis and Milk fever. 3. Sterility and Repeat breeder. 4. | Ref: Cattle/Horses 5-10 mg/kg IM/SC. Supportive liver-phosphorus supplement. Merck Vet Manual. | DOSING: Volume per animal. Cattle/Horses: 10-25 mL IV/IM/SC; Calves/Foals: 5-12 mL; Sheep/Goats: 2.5-5 mL; Dogs/Cats: 0.5-5 mL. Ref: Manufacturer label / Merck Vet Manual."
"839","Vita-C Vetoquinol","Vitamin C","dogs and cats","0","0","200","mg/ml","1","injectable","IV","q24h","50 ml vial (Vetoquinol)","Category: Supportive treatment. Vita-C is used in cattle, sheep, goats, horses, pigs, dogs, cats and poultry: - treatment of vitamin C deficiency - adjuvant therapy for asthenia, notably in cases of infection or stress. | DOSING: Volume-based dosing per label. Cattle/Horses 10-25 mL IM/SC/IV; Calves/Foals 5-10 mL. (Not standard mg/kg). Ref: Merck Vet Manual."
"845","Biseptyl (Syva)","Lincomycin + Spectinomycin","dog","2.5","2.5","100","mg/ml","1","injectable","IM","q24h IM","100 ml vial (Syva)","Category: Antibiotic (Lincosamide + aminoglycoside). Active ingredient - Spectinomycin (sulphate) 100 mg/mL - Lincomycin (hydrochloride) 50 mg/mL Indications - Bovids: Pneumonia, colibacillosis. - Dogs: Pneumonia, colibacillosis. - Porcino: Vibrionic dysentery, Colibacillosis, enzootic pneumonia, salmonellosis, infectious arthritis. | Ref: Cattle/Pigs 2.5 mg/kg IM q24h. Plumb's."
"848","Cortamethasone (Vetoquinol)","Dexamethasone","dogs and cats","0.04","0.1","1","mg/ml","1","injectable","IM","q24h","50 ml vial (Vetoquinol)","Category: Corticosteroid (Glucocorticoid). Long-acting, potent glucocorticoid with 30x the anti-inflammatory potency of cortisol. Indications: Ketosis in dairy cattle, acute hypersensitivity/anaphylaxis, inflammatory musculoskeletal conditions, and induction of parturition. Dosage: Cattle/Horses 0.02-0.1 mg/kg IV/IM; Dogs/Cats 0.05-0.2 mg/kg IV/IM/SC. ⚠️ WARNING: Induces abortion in pregnant ruminants during last trimester! Withdrawal: Meat 8 days, Milk 72 hours. Ref: Plumb's 9th Ed. p. 347."
"853","Piprazin plus (Vetlarg)","Piperazine + Artemisia herb","dogs and cats","45","65","100","mg/ml","1","oral powder","PO","single dose PO","30 gm (Vetlarg)","Category: Anthelmintic. Composition: Each 100 gm contains: - Piperazine citrate 80 gm (eq to 29 gm base) - Artemisia herb 20 gm Indications: Ascaris, Oxyris, some Hook and Round warms. Dosage: - Cattle: 1 gm / 10 kg - horse: 3 gm / 1 litre - swine: 3 gm / 1 litre - poultry: 1 gm / 1 litre - cat & dog: 1.5 gm / 1 litre | Ref: Dogs/Cats 45-65 mg/kg PO single dose (ascarids). Plumb's Vet Drug Handbook."
"855","Gentaveto 5 (VMD Pharma)","Gentamicin","dogs and cats","9","14","50","mg/ml","1","injectable","IV/IM/SC","q24h IV/IM/SC","100 ml vial (VMD Pharma)","Category: Antibiotic (Aminoglycoside). Composition: Each 1 ml contains: - Gentamicin base (as sulphate) 50 mg Species: cattle, sheep, goat, horse, cat and dog. | Ref: Dogs/Cats 9-14 mg/kg IV/IM q24h (once-daily dosing). Monitor renal function. Plumb's."
"857","Vitamin AD3E (Elyoser (Alfasan))","Vitamin AD3E","dogs and cats","0","0","100","mg/ml","1","injectable","IM/SC","per label","100 ml vial (Elyoser (Alfasan))","Category: Vitamin Supplement (Fat-soluble). Concentrated fat-soluble vitamins for epithelial health, calcium/phosphorus metabolism, bone growth, and fertility. Indications: Hypovitaminosis, rickets, growth retardation, reproductive disorders, retained placenta, and white muscle disease prevention. Dosage: Cattle/Horses: 5-10 ml IM/SC; Calves/Foals: 2-5 ml; Sheep/Goats: 1-3 ml. Repeat in 2-3 months. Ref: Merck Vet Manual."
"872","Avispectin (Avico)","Lincomycin + Spectinomycin","dogs and cats","2.5","2.5","50","mg/ml","1","injectable","IM","q24h IM","100 ml vial (Avico)","Category: Antibiotic (Lincosamide + aminoglycoside). Composition: Each 1 ml contains: - Lincomycin (Lincomycin hydrochlorid monohydrate) 50 mg - Spectinomycin (Spectinomycin sulfate tetrahydrate) 100 mg. | Ref: Cattle/Pigs 2.5 mg/kg IM q24h. Plumb's."
"899","Quimiopen plus (Livisto (Invesa))","Penicillin G + Streptomycin + Trypsin + Chymotrypsin","dogs and cats","10","20","250","mg/ml","1","injectable","IM","q12-24h IM","50 ml vial (Livisto (Invesa))","Category: Antibiotic (Penicillin + Aminoglycoside). COMPOSITION Each 1 ml contains: - Potassium penicillin G 50,000 IU - Procaine penicillin G 150,000 IU - Dihydrostreptomycin(sulfate) 250 mg - Trypsin 2,500 U.N.F - Chymotrypsin 1,000 U.N.F. Target species. Cattle, pigs, sheep, horses, dogs and cats. | Ref: Cattle/Horses 10-20 mg/kg IM q12-24h. Dogs/Cats 10-15 mg/kg IM q12h. Plumb's."
"906","Vetalgin (MSD Co. (Intervet))","Dipyrone (metamizole)","dogs and cats","25","50","500","mg/ml","1","injectable","IV/IM/SC","q8-12h IM/IV","100 ml vial (MSD Co. (Intervet))","Category: Analgesic, Antipyretic & Spasmolytic. Composition Each ml contains - Metamizole sodium monohydrate 500 mg Indication Pain associated with colic, arthritis, or fever. Dosage and administration - I.M. injection route - Bovine: 8 ml/100 kg bodyweight. - Calves: 8-10 ml/100 kg bodyweight. - Pigs: 15-20 ml/100 kg bodyweight. | Ref: Cattle/Horses 25-50 mg/kg IV/IM q8-12h. Dogs/Cats 25-50 mg/kg IM/SC q8h. Plumb's."
"917","Banscour plus (N/A)","Neomycin + Sulphonamides + Pectin","dogs and cats","10","20","220","mg/ml","1","oral suspension","PO","q24h","500 ml Bottle (N/A)","Category: Antibiotic (Aminoglycoside / Enteric). Poorly absorbed oral aminoglycoside for local gastrointestinal bacterial infections (Colibacillosis, Salmonella enteritis). Dosage: Calves/Foals/Dogs/Cats 10-20 mg/kg PO q12h. Withdrawal: Calves meat 30 days. Ref: Plumb's 9th Ed. p. 802."
"963","Metrodel 4% (Delta Pharma)","Metronidazole","dogs and cats","10","25","40","mg/ml","1","oral solution","PO","q12h","50 ml Bottle (Delta Pharma)","Category: Antibiotic (Nitroimidazole). | Ref: Plumb's 9th Ed. p. 748."
"974","Nobac.CF (Livisto (Invesa))","Ceftiofur","dogs and cats","2.2","4.4","50","mg/ml","1","injectable","IM/IV","q24h","100 ml vial (Livisto (Invesa))","Category: Antibiotic (Cephalosporin). COMPOSITION: Each mL of suspension contains: - Ceftiofur hydrochloride 50 mg - Excipients q.s.p 1 mL SPECIES: Bovines, Equines, sheep, goats, pigs and canines. | Ref: Plumb's 9th Ed. p. 202."
"975","Calmivet (Vetoquinol)","Acepromazine","dogs and cats","0.025","0.1","5","mg/ml","1","injectable","IV/IM/SC","q24h","50 ml vial (Vetoquinol)","Category: Anesthetic. COMPOSITION - Acepromazine 5 mg/ml INDICATIONS Tranquillization, pre-aenesthesia. DOSAGE AND ADMINISTRATION » I.V.: Short period of latency 5 - 7 minutes » I.M.: Latency of 20 - 30 minutes » Horses: - Mild tranquillization or pre-aenesthesia. | Ref: Plumb's 9th Ed. p. 4."
"978","Fungistop (N/A)","Difinoconazole","dogs and cats","0","0","50","mg/ml","1","topical solution","Topical","q12h","60 ml Bottle (N/A)","Category: Antifungal. Fungicidal Wash for Cows & Goals Horses, Dogs. Composition: - Difinoconazole 5% w/v Large & Small Animals: - Direct spray of FUNIGSTOP Fungicidal spray on the of infection twice daily for 5 days minimum and repeated after 5-7 days interval. | DOSING: Apply topically to affected area BID or as directed on label. For external veterinary use only."
"980","Piperazine citrate (El-Nasr)","Piperazine","dogs and cats","45","65","100","mg/g","1","oral powder","PO","single dose PO","20 gm Sachet (El-Nasr)","Category: Anthelmintic. Indication: It is effective against ascarid, oxyrid worms, some hook & round worms in pigs, cats, dogs, poultry & horses. Dosage: - Horses: 3.1 gm / Liter of drinking water. - Poultry: 0.9 gm / Liter of drinking water. - Pigs: 3.1 gm / Liter of drinking water. - Dogs & Cats: 1.2. | Ref: Dogs/Cats 45-65 mg/kg PO single dose (ascarids). Plumb's Vet Drug Handbook."
"996","Piperazine (OPI pharma)","Piperazine","dog","45","65","100","mg/g","1","oral powder","PO","single dose PO","20 gm Sachet (OPI pharma)","Category: Anthelmintic. Composition: Each 100 gm contains: - Piperazine citrate 100 gm (equal to 35 gm Piperazine base) Indications: Piperazine is an effective antihelmintic used for for treatment of some gastrointestinal round worm specially: - ascarid, oxyurid toxocara & toxascaris in dogs. | Ref: Dogs/Cats 45-65 mg/kg PO single dose (ascarids). Plumb's Vet Drug Handbook."
"1000","Linco-spectin (Zoetis)","Lincomycin + Spectinomycin","dogs and cats","2.5","2.5","100","mg/ml","1","injectable","IM","q24h IM","100 ml vial (Zoetis)","Category: Antibiotic (Lincosamide + aminoglycoside). COMPOSITION Each ml Contains: Active substances: - Lincomycin (hydrochloride) 50 mg - Spectinomycin (sulfate, tetrahydrate) 100 mg Excipients: - Benzyl Alcohol (E-1519) 9 mg INDICATIONS - Porcine: Infectious arthritis, swine dysentery, Enzootic pneumonia. | Ref: Cattle/Pigs 2.5 mg/kg IM q24h. Plumb's."
"1019","Danalgin-C (Plexopharm (Rexall Ph.))","Dipyrone + Vitamin C","dogs and cats","25","50","500","mg/ml","1","injectable","IV/IM/SC","q8-12h IM/IV","100 ml vial (Plexopharm (Rexall Ph.))","Category: NSAIDs. COMPOSITION: Each 100 ml contain - Dipyrone 50 gm - Vitamin C 20 gm. | Ref: Cattle/Horses 25-50 mg/kg IV/IM q8-12h. Dogs/Cats 25-50 mg/kg IM/SC q8h. Plumb's."